Algorithm,Silhouette,DB_Index
KMeans_Cluster,0.42061400413513184,0.7471587853891213
HDBSCAN_Cluster,0.09562215954065323,1.4560752561396617
Hierarchical_Cluster,0.35397613048553467,0.8401842785196969
