Algorithm,Silhouette,DB_Index
KMeans_Cluster,0.3615941107273102,0.8214268422322203
HDBSCAN_Cluster,0.046009015291929245,3.3231114647487328
Hierarchical_Cluster,0.29469990730285645,0.8635940314862591
