Algorithm,Silhouette,DB_Index
KMeans_Cluster,0.36535826325416565,0.8224610231061407
HDBSCAN_Cluster,0.06597587466239929,5.1812001567249055
Hierarchical_Cluster,0.29405009746551514,0.8682870144210759
