Algorithm,Silhouette,DB_Index
KMeans_Cluster,0.3671857714653015,0.7951664246851435
HDBSCAN_Cluster,0.054355308413505554,3.2163959580844605
Hierarchical_Cluster,0.30351224541664124,0.8679280181560437
